name,phone,email
Amery Cooper,(304) 754-8285,luctus.et@google.edu
Prescott Dotson,(321) 872-4315,non@protonmail.edu
Imani Lamb,(210) 886-6276,non@google.edu
Garth Conrad,(544) 434-2966,urna.justo@hotmail.net
Beau Stein,1-924-336-5762,nam.ligula@google.couk
Clarke Kane,1-824-648-6723,in@outlook.ca
Idola Gutierrez,1-806-563-5874,luctus.felis@google.couk
Alisa Oneil,(255) 753-3213,nulla.ante@yahoo.couk
Tatyana Rowe,1-392-346-3115,sed.eu@aol.net
Cecilia Anthony,1-297-356-4588,sit.amet@protonmail.edu
Dawn Serrano,(528) 200-3732,est@aol.couk
Arthur Gates,1-723-583-7151,nam@yahoo.edu
Garth Keith,1-973-233-1419,in.lorem@google.org
Jane Albert,1-427-274-2867,lectus.sit@aol.net
Arsenio Livingston,1-415-387-1476,duis@yahoo.couk
Joelle Watkins,1-177-747-5753,quisque.purus@protonmail.net
Amos Martin,(628) 957-3596,tellus.lorem.eu@outlook.net
Aphrodite Powers,1-874-798-8137,interdum.ligula.eu@google.net
Sydnee Hubbard,(256) 368-9327,neque.nullam@icloud.couk
Hayley Davidson,(481) 758-5332,in.tempus@protonmail.com
Noble Browning,1-274-585-6766,sagittis.placerat@hotmail.couk
Isadora Cervantes,(687) 594-1101,sapien.nunc@google.org
Noel Dillon,1-114-980-7336,fringilla@outlook.com
Sheila Bailey,1-610-539-6229,dui.cras@icloud.com
Morgan Douglas,1-370-482-2923,sem.nulla@yahoo.edu
Cheryl Mullen,(670) 171-4315,sagittis.nullam@google.ca
Leandra Wyatt,1-768-483-5527,sed.consequat.auctor@yahoo.com
Kasimir Roach,(171) 416-3148,bibendum.donec.felis@aol.org
Dolan Alvarado,(671) 335-0653,at.auctor@outlook.couk
Blossom Callahan,(804) 296-9773,ut.tincidunt@google.net
Sharon Benton,(527) 342-3108,nunc@outlook.net
Rinah Zamora,(699) 741-1453,tincidunt@protonmail.org
Lev Burke,(500) 334-8851,sapien.cursus@yahoo.couk
Lenore Blair,1-688-948-5475,elit.sed.consequat@protonmail.net
Daniel Mcclain,(749) 379-0931,donec.consectetuer@google.net
Noelle Ewing,(774) 476-6484,interdum.nunc@yahoo.net
Jeanette Farrell,(573) 727-7374,nisl.arcu.iaculis@aol.org
Florence Ortiz,1-324-620-8773,ridiculus.mus@google.com
Slade Mcleod,(376) 482-5715,egestas.ligula@protonmail.com
Ivor Huffman,1-465-937-4283,a.magna.lorem@outlook.ca
Declan Velez,(455) 586-6228,in.lobortis@yahoo.net
Brennan Hewitt,1-178-615-2316,vestibulum@icloud.edu
Vance Talley,1-123-173-8828,donec@google.net
Lynn Macias,1-859-988-4158,felis.nulla@icloud.couk
Amir Lancaster,(149) 134-8391,praesent.eu@outlook.net
Aspen Mcmahon,1-933-771-1541,facilisis@yahoo.ca
Tucker Salas,1-322-706-7666,sed.nec@outlook.net
Amethyst Baldwin,1-358-596-1555,consectetuer.ipsum.nunc@protonmail.edu
Samantha William,(536) 832-2284,amet.ante.vivamus@hotmail.org
Ahmed Franklin,1-818-177-4826,vitae.purus.gravida@protonmail.edu